"GeoFips","GeoName","LineCode","year","income_millions_current"
1000,"Alabama",1,1988,55558.8
4000,"Arizona",1,1988,56718.4
5000,"Arkansas",1,1988,30505.9
6000,"California",1,1988,558041.1
8000,"Colorado",1,1988,57556.6
9000,"Connecticut",1,1988,77668.2
10000,"Delaware",1,1988,12256.4
12000,"Florida",1,1988,216604.8
13000,"Georgia",1,1988,100796.7
16000,"Idaho",1,1988,13765.7
17000,"Illinois",1,1988,212642.7
18000,"Indiana",1,1988,85926.1
19000,"Iowa",1,1988,42759.8
20000,"Kansas",1,1988,40703.6
21000,"Kentucky",1,1988,50573.3
22000,"Louisiana",1,1988,56881.2
23000,"Maine",1,1988,19277.2
24000,"Maryland",1,1988,96739.7
25000,"Massachusetts",1,1988,127722.9
26000,"Michigan",1,1988,157523.2
27000,"Minnesota",1,1988,75424.9
28000,"Mississippi",1,1988,30302.6
29000,"Missouri",1,1988,82131.5
30000,"Montana",1,1988,10687.9
31000,"Nebraska",1,1988,25727.2
32000,"Nevada",1,1988,19842.9
33000,"New Hampshire",1,1988,21322.2
34000,"New Jersey",1,1988,170597.7
35000,"New Mexico",1,1988,20401.9
36000,"New York",1,1988,373665.4
37000,"North Carolina",1,1988,100589.5
38000,"North Dakota",1,1988,8466.6
39000,"Ohio",1,1988,178267.5
40000,"Oklahoma",1,1988,45620.3
41000,"Oregon",1,1988,43775.8
42000,"Pennsylvania",1,1988,203157.6
44000,"Rhode Island",1,1988,18239.3
45000,"South Carolina",1,1988,48237.2
46000,"South Dakota",1,1988,9747.5
47000,"Tennessee",1,1988,71646
48000,"Texas",1,1988,258240.4
49000,"Utah",1,1988,22330
50000,"Vermont",1,1988,8976.8
51000,"Virginia",1,1988,113916.6
53000,"Washington",1,1988,81724.1
54000,"West Virginia",1,1988,23237.6
55000,"Wisconsin",1,1988,78456.3
56000,"Wyoming",1,1988,7002.6
1000,"Alabama",1,1989,60395.7
4000,"Arizona",1,1989,60862.5
5000,"Arkansas",1,1989,32721.2
6000,"California",1,1989,600755.1
8000,"Colorado",1,1989,62010.1
9000,"Connecticut",1,1989,84249
10000,"Delaware",1,1989,13630.7
12000,"Florida",1,1989,241142.9
13000,"Georgia",1,1989,108619.3
16000,"Idaho",1,1989,15146.9
17000,"Illinois",1,1989,226917.2
18000,"Indiana",1,1989,93580.9
19000,"Iowa",1,1989,46555
20000,"Kansas",1,1989,43110.2
21000,"Kentucky",1,1989,54363.7
22000,"Louisiana",1,1989,60326.1
23000,"Maine",1,1989,21011.3
24000,"Maryland",1,1989,104600.7
25000,"Massachusetts",1,1989,135208.9
26000,"Michigan",1,1989,169629.3
27000,"Minnesota",1,1989,82388.1
28000,"Mississippi",1,1989,32735.8
29000,"Missouri",1,1989,88040
30000,"Montana",1,1989,11775.6
31000,"Nebraska",1,1989,27305.5
32000,"Nevada",1,1989,22352.5
33000,"New Hampshire",1,1989,22846.7
34000,"New Jersey",1,1989,183043
35000,"New Mexico",1,1989,21855.4
36000,"New York",1,1989,403910
37000,"North Carolina",1,1989,109693.1
38000,"North Dakota",1,1989,9482.7
39000,"Ohio",1,1989,191708.3
40000,"Oklahoma",1,1989,48521.2
41000,"Oregon",1,1989,48095.1
42000,"Pennsylvania",1,1989,220029.7
44000,"Rhode Island",1,1989,19852.5
45000,"South Carolina",1,1989,52509.2
46000,"South Dakota",1,1989,10492.4
47000,"Tennessee",1,1989,76927.8
48000,"Texas",1,1989,275917.1
49000,"Utah",1,1989,23967.4
50000,"Vermont",1,1989,9917.1
51000,"Virginia",1,1989,123237
53000,"Washington",1,1989,90313.2
54000,"West Virginia",1,1989,24601
55000,"Wisconsin",1,1989,85533.9
56000,"Wyoming",1,1989,7642.6
1000,"Alabama",1,1990,64239.8
4000,"Arizona",1,1990,63821
5000,"Arkansas",1,1990,34457.5
6000,"California",1,1990,643684.9
8000,"Colorado",1,1990,65667.2
9000,"Connecticut",1,1990,86889.1
10000,"Delaware",1,1990,14367.1
12000,"Florida",1,1990,257571.4
13000,"Georgia",1,1990,116149.9
16000,"Idaho",1,1990,16352.3
17000,"Illinois",1,1990,240801.3
18000,"Indiana",1,1990,98748.8
19000,"Iowa",1,1990,49023.1
20000,"Kansas",1,1990,45751.2
21000,"Kentucky",1,1990,57673.4
22000,"Louisiana",1,1990,64880.9
23000,"Maine",1,1990,21870.4
24000,"Maryland",1,1990,110894
25000,"Massachusetts",1,1990,139232.6
26000,"Michigan",1,1990,177393.2
27000,"Minnesota",1,1990,87514
28000,"Mississippi",1,1990,34442.5
29000,"Missouri",1,1990,91909
30000,"Montana",1,1990,12378
31000,"Nebraska",1,1990,29240.3
32000,"Nevada",1,1990,25043.3
33000,"New Hampshire",1,1990,23006.5
34000,"New Jersey",1,1990,192163.5
35000,"New Mexico",1,1990,23301.3
36000,"New York",1,1990,432317.8
37000,"North Carolina",1,1990,116522.5
38000,"North Dakota",1,1990,10256.6
39000,"Ohio",1,1990,202979.6
40000,"Oklahoma",1,1990,51121.3
41000,"Oregon",1,1990,51940.7
42000,"Pennsylvania",1,1990,232898.7
44000,"Rhode Island",1,1990,20438.1
45000,"South Carolina",1,1990,56399.8
46000,"South Dakota",1,1990,11484.6
47000,"Tennessee",1,1990,81783.9
48000,"Texas",1,1990,297726.3
49000,"Utah",1,1990,25984.9
50000,"Vermont",1,1990,10298
51000,"Virginia",1,1990,129558.2
53000,"Washington",1,1990,99151.2
54000,"West Virginia",1,1990,26186.2
55000,"Wisconsin",1,1990,90431.2
56000,"Wyoming",1,1990,8233.3
1000,"Alabama",1,1991,67929.9
4000,"Arizona",1,1991,67174.6
5000,"Arkansas",1,1991,36459.1
6000,"California",1,1991,665992.6
8000,"Colorado",1,1991,69601.9
9000,"Connecticut",1,1991,87815.8
10000,"Delaware",1,1991,15196.3
12000,"Florida",1,1991,268375.2
13000,"Georgia",1,1991,121895
16000,"Idaho",1,1991,17190.9
17000,"Illinois",1,1991,245871.9
18000,"Indiana",1,1991,101775.1
19000,"Iowa",1,1991,50144.7
20000,"Kansas",1,1991,47309.6
21000,"Kentucky",1,1991,60843.2
22000,"Louisiana",1,1991,68408.3
23000,"Maine",1,1991,22249.7
24000,"Maryland",1,1991,114898.7
25000,"Massachusetts",1,1991,141351.8
26000,"Michigan",1,1991,181414.2
27000,"Minnesota",1,1991,90246.2
28000,"Mississippi",1,1991,36287.6
29000,"Missouri",1,1991,95964.1
30000,"Montana",1,1991,13196.3
31000,"Nebraska",1,1991,30304.9
32000,"Nevada",1,1991,27515.3
33000,"New Hampshire",1,1991,23792.3
34000,"New Jersey",1,1991,195933.4
35000,"New Mexico",1,1991,24937.1
36000,"New York",1,1991,432542.6
37000,"North Carolina",1,1991,121893.3
38000,"North Dakota",1,1991,10388.1
39000,"Ohio",1,1991,207676.9
40000,"Oklahoma",1,1991,52677.5
41000,"Oregon",1,1991,54674.3
42000,"Pennsylvania",1,1991,242566.3
44000,"Rhode Island",1,1991,20636.1
45000,"South Carolina",1,1991,58892.8
46000,"South Dakota",1,1991,11966.6
47000,"Tennessee",1,1991,86008.9
48000,"Texas",1,1991,311370.4
49000,"Utah",1,1991,27864
50000,"Vermont",1,1991,10499.4
51000,"Virginia",1,1991,135041.5
53000,"Washington",1,1991,106188.9
54000,"West Virginia",1,1991,27308.2
55000,"Wisconsin",1,1991,94002.4
56000,"Wyoming",1,1991,8642.4
1000,"Alabama",1,1992,73039.8
4000,"Arizona",1,1992,71692.1
5000,"Arkansas",1,1992,39714.4
6000,"California",1,1992,702449.1
8000,"Colorado",1,1992,75599.1
9000,"Connecticut",1,1992,94269.3
10000,"Delaware",1,1992,15854.3
12000,"Florida",1,1992,284266
13000,"Georgia",1,1992,131979
16000,"Idaho",1,1992,18904.8
17000,"Illinois",1,1992,265737
18000,"Indiana",1,1992,110147.9
19000,"Iowa",1,1992,53791.9
20000,"Kansas",1,1992,50940.2
21000,"Kentucky",1,1992,65547.3
22000,"Louisiana",1,1992,73264
23000,"Maine",1,1992,23324.8
24000,"Maryland",1,1992,120637.4
25000,"Massachusetts",1,1992,148477.6
26000,"Michigan",1,1992,192235.1
27000,"Minnesota",1,1992,97018.5
28000,"Mississippi",1,1992,39062.7
29000,"Missouri",1,1992,102138.9
30000,"Montana",1,1992,14014
31000,"Nebraska",1,1992,32208.4
32000,"Nevada",1,1992,30479.3
33000,"New Hampshire",1,1992,24968.2
34000,"New Jersey",1,1992,210510.2
35000,"New Mexico",1,1992,26802.8
36000,"New York",1,1992,457271.4
37000,"North Carolina",1,1992,132674.9
38000,"North Dakota",1,1992,11391.7
39000,"Ohio",1,1992,221201.4
40000,"Oklahoma",1,1992,56033.9
41000,"Oregon",1,1992,58477
42000,"Pennsylvania",1,1992,256051.9
44000,"Rhode Island",1,1992,21597.1
45000,"South Carolina",1,1992,62693.5
46000,"South Dakota",1,1992,12941.8
47000,"Tennessee",1,1992,94052.9
48000,"Texas",1,1992,336646
49000,"Utah",1,1992,30125.5
50000,"Vermont",1,1992,11241.7
51000,"Virginia",1,1992,143668.6
53000,"Washington",1,1992,114759
54000,"West Virginia",1,1992,29404.4
55000,"Wisconsin",1,1992,101407.7
56000,"Wyoming",1,1992,9130.7
1000,"Alabama",1,1993,76398
4000,"Arizona",1,1993,77041
5000,"Arkansas",1,1993,41648.4
6000,"California",1,1993,719731
8000,"Colorado",1,1993,81812.1
9000,"Connecticut",1,1993,97347.6
10000,"Delaware",1,1993,16466.8
12000,"Florida",1,1993,301392.6
13000,"Georgia",1,1993,140173.3
16000,"Idaho",1,1993,20720.8
17000,"Illinois",1,1993,275362.6
18000,"Indiana",1,1993,116112.4
19000,"Iowa",1,1993,54052.6
20000,"Kansas",1,1993,53311.9
21000,"Kentucky",1,1993,68128.2
22000,"Louisiana",1,1993,76872.7
23000,"Maine",1,1993,24094.9
24000,"Maryland",1,1993,125486.1
25000,"Massachusetts",1,1993,154367.4
26000,"Michigan",1,1993,202432.5
27000,"Minnesota",1,1993,99989.9
28000,"Mississippi",1,1993,41597
29000,"Missouri",1,1993,106821.1
30000,"Montana",1,1993,15163.4
31000,"Nebraska",1,1993,33288.5
32000,"Nevada",1,1993,32966
33000,"New Hampshire",1,1993,25786.7
34000,"New Jersey",1,1993,217596
35000,"New Mexico",1,1993,28827.1
36000,"New York",1,1993,470053.9
37000,"North Carolina",1,1993,141458.3
38000,"North Dakota",1,1993,11547.5
39000,"Ohio",1,1993,230366.4
40000,"Oklahoma",1,1993,58247
41000,"Oregon",1,1993,62590.8
42000,"Pennsylvania",1,1993,265789.4
44000,"Rhode Island",1,1993,22514.8
45000,"South Carolina",1,1993,65908
46000,"South Dakota",1,1993,13531
47000,"Tennessee",1,1993,100091.8
48000,"Texas",1,1993,356399.2
49000,"Utah",1,1993,32491.3
50000,"Vermont",1,1993,11680.9
51000,"Virginia",1,1993,150973.3
53000,"Washington",1,1993,120676.9
54000,"West Virginia",1,1993,30498.8
55000,"Wisconsin",1,1993,106713.9
56000,"Wyoming",1,1993,9659.9
1000,"Alabama",1,1994,80848.4
4000,"Arizona",1,1994,84343.7
5000,"Arkansas",1,1994,44288.6
6000,"California",1,1994,742429.1
8000,"Colorado",1,1994,87983.8
9000,"Connecticut",1,1994,100108.3
10000,"Delaware",1,1994,17165.3
12000,"Florida",1,1994,317674.9
13000,"Georgia",1,1994,150942
16000,"Idaho",1,1994,22179.4
17000,"Illinois",1,1994,290054.7
18000,"Indiana",1,1994,123384.2
19000,"Iowa",1,1994,58946.2
20000,"Kansas",1,1994,55736.3
21000,"Kentucky",1,1994,71608.3
22000,"Louisiana",1,1994,81905.8
23000,"Maine",1,1994,25085.7
24000,"Maryland",1,1994,131410.4
25000,"Massachusetts",1,1994,162175.2
26000,"Michigan",1,1994,217745.4
27000,"Minnesota",1,1994,107155.2
28000,"Mississippi",1,1994,45005.3
29000,"Missouri",1,1994,113391.1
30000,"Montana",1,1994,15585.3
31000,"Nebraska",1,1994,35431.2
32000,"Nevada",1,1994,36485.5
33000,"New Hampshire",1,1994,27522.3
34000,"New Jersey",1,1994,225284.5
35000,"New Mexico",1,1994,30772.3
36000,"New York",1,1994,484730.6
37000,"North Carolina",1,1994,150582.6
38000,"North Dakota",1,1994,12547.6
39000,"Ohio",1,1994,243306.8
40000,"Oklahoma",1,1994,60818
41000,"Oregon",1,1994,67029.8
42000,"Pennsylvania",1,1994,275144.9
44000,"Rhode Island",1,1994,23091
45000,"South Carolina",1,1994,69909.2
46000,"South Dakota",1,1994,14587.9
47000,"Tennessee",1,1994,106496.6
48000,"Texas",1,1994,376613.6
49000,"Utah",1,1994,35156.8
50000,"Vermont",1,1994,12247.1
51000,"Virginia",1,1994,158882.8
53000,"Washington",1,1994,126855.4
54000,"West Virginia",1,1994,31820.5
55000,"Wisconsin",1,1994,113394.4
56000,"Wyoming",1,1994,10102.5
1000,"Alabama",1,1995,85473.6
4000,"Arizona",1,1995,91989.4
5000,"Arkansas",1,1995,47164.7
6000,"California",1,1995,780642.8
8000,"Colorado",1,1995,95648.8
9000,"Connecticut",1,1995,105642.5
10000,"Delaware",1,1995,18172
12000,"Florida",1,1995,341583.5
13000,"Georgia",1,1995,162948.3
16000,"Idaho",1,1995,23842.7
17000,"Illinois",1,1995,307809.3
18000,"Indiana",1,1995,129005.6
19000,"Iowa",1,1995,61328.6
20000,"Kansas",1,1995,58129.3
21000,"Kentucky",1,1995,75054.4
22000,"Louisiana",1,1995,85953.3
23000,"Maine",1,1995,26179.3
24000,"Maryland",1,1995,137245.4
25000,"Massachusetts",1,1995,171742
26000,"Michigan",1,1995,230305.9
27000,"Minnesota",1,1995,113337.5
28000,"Mississippi",1,1995,47613.3
29000,"Missouri",1,1995,119590.2
30000,"Montana",1,1995,16415.9
31000,"Nebraska",1,1995,37436.4
32000,"Nevada",1,1995,40138.3
33000,"New Hampshire",1,1995,29202.8
34000,"New Jersey",1,1995,239164.9
35000,"New Mexico",1,1995,33070.6
36000,"New York",1,1995,510818.3
37000,"North Carolina",1,1995,161486.7
38000,"North Dakota",1,1995,12570.6
39000,"Ohio",1,1995,255101.1
40000,"Oklahoma",1,1995,63426.7
41000,"Oregon",1,1995,72165.9
42000,"Pennsylvania",1,1995,287676.4
44000,"Rhode Island",1,1995,24324.3
45000,"South Carolina",1,1995,74092.1
46000,"South Dakota",1,1995,14883.5
47000,"Tennessee",1,1995,114364.9
48000,"Texas",1,1995,402805.3
49000,"Utah",1,1995,38308.3
50000,"Vermont",1,1995,12890.2
51000,"Virginia",1,1995,167003.3
53000,"Washington",1,1995,134146.3
54000,"West Virginia",1,1995,32894.7
55000,"Wisconsin",1,1995,119327.1
56000,"Wyoming",1,1995,10585.4
1000,"Alabama",1,1996,89350
4000,"Arizona",1,1996,99707.6
5000,"Arkansas",1,1996,50047.9
6000,"California",1,1996,829666.6
8000,"Colorado",1,1996,103235.8
9000,"Connecticut",1,1996,110746.3
10000,"Delaware",1,1996,19433.9
12000,"Florida",1,1996,363906.8
13000,"Georgia",1,1996,176085.7
16000,"Idaho",1,1996,25334.9
17000,"Illinois",1,1996,327552.9
18000,"Indiana",1,1996,136363.5
19000,"Iowa",1,1996,66840.9
20000,"Kansas",1,1996,61934.2
21000,"Kentucky",1,1996,79620.5
22000,"Louisiana",1,1996,89776.9
23000,"Maine",1,1996,27653.1
24000,"Maryland",1,1996,143742.3
25000,"Massachusetts",1,1996,182580.4
26000,"Michigan",1,1996,242218.5
27000,"Minnesota",1,1996,122210.8
28000,"Mississippi",1,1996,50525.5
29000,"Missouri",1,1996,126668.3
30000,"Montana",1,1996,17203.3
31000,"Nebraska",1,1996,40790.1
32000,"Nevada",1,1996,44435.1
33000,"New Hampshire",1,1996,30941.5
34000,"New Jersey",1,1996,253062.3
35000,"New Mexico",1,1996,34741.3
36000,"New York",1,1996,537881.6
37000,"North Carolina",1,1996,172816.7
38000,"North Dakota",1,1996,14065.7
39000,"Ohio",1,1996,267147.2
40000,"Oklahoma",1,1996,67223
41000,"Oregon",1,1996,77845
42000,"Pennsylvania",1,1996,302375.6
44000,"Rhode Island",1,1996,25172.1
45000,"South Carolina",1,1996,78791.9
46000,"South Dakota",1,1996,16445
47000,"Tennessee",1,1996,120799
48000,"Texas",1,1996,433164.9
49000,"Utah",1,1996,41738.9
50000,"Vermont",1,1996,13585.6
51000,"Virginia",1,1996,175342.4
53000,"Washington",1,1996,144246.2
54000,"West Virginia",1,1996,34208.8
55000,"Wisconsin",1,1996,126196.7
56000,"Wyoming",1,1996,11077.7
1000,"Alabama",1,1997,93981.4
4000,"Arizona",1,1997,108023.1
5000,"Arkansas",1,1997,52508
6000,"California",1,1997,882677.3
8000,"Colorado",1,1997,111207.8
9000,"Connecticut",1,1997,117991.8
10000,"Delaware",1,1997,20342.3
12000,"Florida",1,1997,385402
13000,"Georgia",1,1997,187547.9
16000,"Idaho",1,1997,26420.1
17000,"Illinois",1,1997,346339.1
18000,"Indiana",1,1997,143496.3
19000,"Iowa",1,1997,69956.1
20000,"Kansas",1,1997,65771.1
21000,"Kentucky",1,1997,84542.1
22000,"Louisiana",1,1997,94400.6
23000,"Maine",1,1997,29169.5
24000,"Maryland",1,1997,151791.5
25000,"Massachusetts",1,1997,194130.7
26000,"Michigan",1,1997,254938.9
27000,"Minnesota",1,1997,129027.6
28000,"Mississippi",1,1997,53377.5
29000,"Missouri",1,1997,134328.1
30000,"Montana",1,1997,17939.1
31000,"Nebraska",1,1997,42017.5
32000,"Nevada",1,1997,48572.7
33000,"New Hampshire",1,1997,33274
34000,"New Jersey",1,1997,269605.9
35000,"New Mexico",1,1997,36520
36000,"New York",1,1997,567955.8
37000,"North Carolina",1,1997,185687.9
38000,"North Dakota",1,1997,13771.1
39000,"Ohio",1,1997,282809
40000,"Oklahoma",1,1997,71074.7
41000,"Oregon",1,1997,82657.4
42000,"Pennsylvania",1,1997,317520.1
44000,"Rhode Island",1,1997,26633.8
45000,"South Carolina",1,1997,83865.3
46000,"South Dakota",1,1997,16805.8
47000,"Tennessee",1,1997,127953
48000,"Texas",1,1997,472178.4
49000,"Utah",1,1997,45125.2
50000,"Vermont",1,1997,14333.1
51000,"Virginia",1,1997,186845.5
53000,"Washington",1,1997,155513.9
54000,"West Virginia",1,1997,35630.2
55000,"Wisconsin",1,1997,133915.2
56000,"Wyoming",1,1997,11885
1000,"Alabama",1,1998,100081
4000,"Arizona",1,1998,117363.6
5000,"Arkansas",1,1998,55917.1
6000,"California",1,1998,962746.1
8000,"Colorado",1,1998,122314.7
9000,"Connecticut",1,1998,126866.7
10000,"Delaware",1,1998,22495.3
12000,"Florida",1,1998,415546.7
13000,"Georgia",1,1998,205109.4
16000,"Idaho",1,1998,28286
17000,"Illinois",1,1998,368119.4
18000,"Indiana",1,1998,154513.7
19000,"Iowa",1,1998,73576.3
20000,"Kansas",1,1998,69987.2
21000,"Kentucky",1,1998,89738.3
22000,"Louisiana",1,1998,98923.7
23000,"Maine",1,1998,30941.3
24000,"Maryland",1,1998,163365.5
25000,"Massachusetts",1,1998,206746.1
26000,"Michigan",1,1998,269062.1
27000,"Minnesota",1,1998,139858.7
28000,"Mississippi",1,1998,56804.4
29000,"Missouri",1,1998,141141.5
30000,"Montana",1,1998,19268.9
31000,"Nebraska",1,1998,45067.4
32000,"Nevada",1,1998,54524.9
33000,"New Hampshire",1,1998,36646.2
34000,"New Jersey",1,1998,286990.2
35000,"New Mexico",1,1998,38228.5
36000,"New York",1,1998,600536.3
37000,"North Carolina",1,1998,198159.7
38000,"North Dakota",1,1998,15195.7
39000,"Ohio",1,1998,299075.5
40000,"Oklahoma",1,1998,75061.7
41000,"Oregon",1,1998,86862.9
42000,"Pennsylvania",1,1998,335664.4
44000,"Rhode Island",1,1998,28279.8
45000,"South Carolina",1,1998,89796.5
46000,"South Dakota",1,1998,18240.7
47000,"Tennessee",1,1998,141380.9
48000,"Texas",1,1998,514479.6
49000,"Utah",1,1998,48820.8
50000,"Vermont",1,1998,15303.7
51000,"Virginia",1,1998,199656
53000,"Washington",1,1998,169625.8
54000,"West Virginia",1,1998,37281.5
55000,"Wisconsin",1,1998,143010.5
56000,"Wyoming",1,1998,12656.3
1000,"Alabama",1,1999,103536
4000,"Arizona",1,1999,124099.5
5000,"Arkansas",1,1999,58129.5
6000,"California",1,1999,1028383.3
8000,"Colorado",1,1999,132205
9000,"Connecticut",1,1999,134176.3
10000,"Delaware",1,1999,24140.1
12000,"Florida",1,1999,435726
13000,"Georgia",1,1999,218793.4
16000,"Idaho",1,1999,30123.4
17000,"Illinois",1,1999,384036.2
18000,"Indiana",1,1999,160747
19000,"Iowa",1,1999,75468.2
20000,"Kansas",1,1999,72284.1
21000,"Kentucky",1,1999,93539.1
22000,"Louisiana",1,1999,101339.5
23000,"Maine",1,1999,32545.6
24000,"Maryland",1,1999,173600.1
25000,"Massachusetts",1,1999,220850.9
26000,"Michigan",1,1999,282875.7
27000,"Minnesota",1,1999,146941.7
28000,"Mississippi",1,1999,58632.9
29000,"Missouri",1,1999,147025
30000,"Montana",1,1999,19676.2
31000,"Nebraska",1,1999,47166.3
32000,"Nevada",1,1999,58885.5
33000,"New Hampshire",1,1999,39087.8
34000,"New Jersey",1,1999,300848.1
35000,"New Mexico",1,1999,39182.2
36000,"New York",1,1999,636314.9
37000,"North Carolina",1,1999,208306.3
38000,"North Dakota",1,1999,15428.7
39000,"Ohio",1,1999,309265.5
40000,"Oklahoma",1,1999,77067.9
41000,"Oregon",1,1999,90547.8
42000,"Pennsylvania",1,1999,349848.2
44000,"Rhode Island",1,1999,29640
45000,"South Carolina",1,1999,94407.8
46000,"South Dakota",1,1999,19094
47000,"Tennessee",1,1999,147003.9
48000,"Texas",1,1999,541693.7
49000,"Utah",1,1999,51414.4
50000,"Vermont",1,1999,16302.6
51000,"Virginia",1,1999,213981.6
53000,"Washington",1,1999,181364.8
54000,"West Virginia",1,1999,38282.6
55000,"Wisconsin",1,1999,149069.7
56000,"Wyoming",1,1999,13504.8
1000,"Alabama",1,2000,108506.2
4000,"Arizona",1,2000,134952
5000,"Arkansas",1,2000,61136.6
6000,"California",1,2000,1135314.5
8000,"Colorado",1,2000,147234.3
9000,"Connecticut",1,2000,147015.2
10000,"Delaware",1,2000,26628.5
12000,"Florida",1,2000,471082.2
13000,"Georgia",1,2000,236810.4
16000,"Idaho",1,2000,32601.2
17000,"Illinois",1,2000,413443.2
18000,"Indiana",1,2000,171415.2
19000,"Iowa",1,2000,80650.6
20000,"Kansas",1,2000,76242.9
21000,"Kentucky",1,2000,100894.3
22000,"Louisiana",1,2000,107071.5
23000,"Maine",1,2000,35055.9
24000,"Maryland",1,2000,188926.2
25000,"Massachusetts",1,2000,245392
26000,"Michigan",1,2000,301661.7
27000,"Minnesota",1,2000,159119.3
28000,"Mississippi",1,2000,61799.1
29000,"Missouri",1,2000,157162.6
30000,"Montana",1,2000,20962.8
31000,"Nebraska",1,2000,49898.3
32000,"Nevada",1,2000,64576.3
33000,"New Hampshire",1,2000,44073.5
34000,"New Jersey",1,2000,331307.3
35000,"New Mexico",1,2000,42212.8
36000,"New York",1,2000,684897.9
37000,"North Carolina",1,2000,221868.1
38000,"North Dakota",1,2000,16805
39000,"Ohio",1,2000,325951.6
40000,"Oklahoma",1,2000,83363.9
41000,"Oregon",1,2000,97773.2
42000,"Pennsylvania",1,2000,374404.6
44000,"Rhode Island",1,2000,31953.8
45000,"South Carolina",1,2000,101161
46000,"South Dakota",1,2000,20325
47000,"Tennessee",1,2000,155574.4
48000,"Texas",1,2000,589618.3
49000,"Utah",1,2000,55060.1
50000,"Vermont",1,2000,17627.4
51000,"Virginia",1,2000,232033.6
53000,"Washington",1,2000,194207.1
54000,"West Virginia",1,2000,40452.6
55000,"Wisconsin",1,2000,158927.6
56000,"Wyoming",1,2000,14514.3
1000,"Alabama",1,2001,112312.1
4000,"Arizona",1,2001,140805.6
5000,"Arkansas",1,2001,64374.9
6000,"California",1,2001,1175177.7
8000,"Colorado",1,2001,154409.8
9000,"Connecticut",1,2001,155326.5
10000,"Delaware",1,2001,29340.4
12000,"Florida",1,2001,495620
13000,"Georgia",1,2001,248728.2
16000,"Idaho",1,2001,33979.5
17000,"Illinois",1,2001,428742.3
18000,"Indiana",1,2001,175497.6
19000,"Iowa",1,2001,82942.4
20000,"Kansas",1,2001,78695.4
21000,"Kentucky",1,2001,104268.9
22000,"Louisiana",1,2001,114378.3
23000,"Maine",1,2001,36999.7
24000,"Maryland",1,2001,199093.3
25000,"Massachusetts",1,2001,255190.3
26000,"Michigan",1,2001,306609.8
27000,"Minnesota",1,2001,165715.7
28000,"Mississippi",1,2001,65233.6
29000,"Missouri",1,2001,162071.5
30000,"Montana",1,2001,21862
31000,"Nebraska",1,2001,52059.5
32000,"Nevada",1,2001,68036.4
33000,"New Hampshire",1,2001,46376.2
34000,"New Jersey",1,2001,342293
35000,"New Mexico",1,2001,45275.6
36000,"New York",1,2001,709931.4
37000,"North Carolina",1,2001,228431.7
38000,"North Dakota",1,2001,17126.6
39000,"Ohio",1,2001,334714.3
40000,"Oklahoma",1,2001,88354.1
41000,"Oregon",1,2001,100607.4
42000,"Pennsylvania",1,2001,388669.3
44000,"Rhode Island",1,2001,33634.8
45000,"South Carolina",1,2001,104652.3
46000,"South Dakota",1,2001,20982.5
47000,"Tennessee",1,2001,159459.9
48000,"Texas",1,2001,625351.8
49000,"Utah",1,2001,57414.1
50000,"Vermont",1,2001,18692.9
51000,"Virginia",1,2001,244136.7
53000,"Washington",1,2001,199075.2
54000,"West Virginia",1,2001,42849.8
55000,"Wisconsin",1,2001,166810.4
56000,"Wyoming",1,2001,15320.2
1000,"Alabama",1,2002,115166.1
4000,"Arizona",1,2002,145930.3
5000,"Arkansas",1,2002,65878.2
6000,"California",1,2002,1193779.4
8000,"Colorado",1,2002,154765.5
9000,"Connecticut",1,2002,155240.9
10000,"Delaware",1,2002,30328.7
12000,"Florida",1,2002,512579.5
13000,"Georgia",1,2002,255618.2
16000,"Idaho",1,2002,35112.4
17000,"Illinois",1,2002,434249.5
18000,"Indiana",1,2002,178017.8
19000,"Iowa",1,2002,84927.4
20000,"Kansas",1,2002,79379
21000,"Kentucky",1,2002,106642.1
22000,"Louisiana",1,2002,117657.3
23000,"Maine",1,2002,38471
24000,"Maryland",1,2002,206990.1
25000,"Massachusetts",1,2002,254257.9
26000,"Michigan",1,2002,306385.4
27000,"Minnesota",1,2002,169899.6
28000,"Mississippi",1,2002,66372.4
29000,"Missouri",1,2002,165772.5
30000,"Montana",1,2002,22490.8
31000,"Nebraska",1,2002,52986.8
32000,"Nevada",1,2002,69976.3
33000,"New Hampshire",1,2002,47155.6
34000,"New Jersey",1,2002,347247.7
35000,"New Mexico",1,2002,46931.7
36000,"New York",1,2002,707720
37000,"North Carolina",1,2002,231805.7
38000,"North Dakota",1,2002,17527.7
39000,"Ohio",1,2002,339907.5
40000,"Oklahoma",1,2002,90233.1
41000,"Oregon",1,2002,101865.4
42000,"Pennsylvania",1,2002,396187.8
44000,"Rhode Island",1,2002,35028
45000,"South Carolina",1,2002,107527
46000,"South Dakota",1,2002,21003.5
47000,"Tennessee",1,2002,164012.6
48000,"Texas",1,2002,632485.7
49000,"Utah",1,2002,59048.8
50000,"Vermont",1,2002,19073.4
51000,"Virginia",1,2002,250928.1
53000,"Washington",1,2002,202861.5
54000,"West Virginia",1,2002,44286.6
55000,"Wisconsin",1,2002,171173.6
56000,"Wyoming",1,2002,15724.5
1000,"Alabama",1,2003,120209.9
4000,"Arizona",1,2003,154810.7
5000,"Arkansas",1,2003,69722
6000,"California",1,2003,1249800.3
8000,"Colorado",1,2003,157543.2
9000,"Connecticut",1,2003,157488
10000,"Delaware",1,2003,31030.8
12000,"Florida",1,2003,538104
13000,"Georgia",1,2003,264925.8
16000,"Idaho",1,2003,36321.7
17000,"Illinois",1,2003,441946.1
18000,"Indiana",1,2003,182141.9
19000,"Iowa",1,2003,86664.5
20000,"Kansas",1,2003,81546.5
21000,"Kentucky",1,2003,109563.3
22000,"Louisiana",1,2003,121062.4
23000,"Maine",1,2003,40116.6
24000,"Maryland",1,2003,216518.7
25000,"Massachusetts",1,2003,259814.7
26000,"Michigan",1,2003,313829.8
27000,"Minnesota",1,2003,177859.9
28000,"Mississippi",1,2003,68980.3
29000,"Missouri",1,2003,171789.9
30000,"Montana",1,2003,24082.1
31000,"Nebraska",1,2003,56258.2
32000,"Nevada",1,2003,74570.4
33000,"New Hampshire",1,2003,48122.3
34000,"New Jersey",1,2003,356002.8
35000,"New Mexico",1,2003,49042.2
36000,"New York",1,2003,718701.9
37000,"North Carolina",1,2003,241164.5
38000,"North Dakota",1,2003,19022.2
39000,"Ohio",1,2003,349796.1
40000,"Oklahoma",1,2003,94303.3
41000,"Oregon",1,2003,105562.2
42000,"Pennsylvania",1,2003,409648.6
44000,"Rhode Island",1,2003,36809
45000,"South Carolina",1,2003,111166.4
46000,"South Dakota",1,2003,22919.6
47000,"Tennessee",1,2003,170680
48000,"Texas",1,2003,655821.6
49000,"Utah",1,2003,61152.6
50000,"Vermont",1,2003,19812.9
51000,"Virginia",1,2003,265980.4
53000,"Washington",1,2003,210864.2
54000,"West Virginia",1,2003,44871.4
55000,"Wisconsin",1,2003,175869.8
56000,"Wyoming",1,2003,16668.8
1000,"Alabama",1,2004,128669.9
4000,"Arizona",1,2004,169309.9
5000,"Arkansas",1,2004,74158.9
6000,"California",1,2004,1329225.1
8000,"Colorado",1,2004,163427
9000,"Connecticut",1,2004,166423.4
10000,"Delaware",1,2004,32295.5
12000,"Florida",1,2004,587659.1
13000,"Georgia",1,2004,279469.4
16000,"Idaho",1,2004,39252.2
17000,"Illinois",1,2004,459074.1
18000,"Indiana",1,2004,190718.5
19000,"Iowa",1,2004,93570.2
20000,"Kansas",1,2004,83860
21000,"Kentucky",1,2004,115893.9
22000,"Louisiana",1,2004,126175.1
23000,"Maine",1,2004,42161.7
24000,"Maryland",1,2004,231482
25000,"Massachusetts",1,2004,273401
26000,"Michigan",1,2004,322531.8
27000,"Minnesota",1,2004,188385.3
28000,"Mississippi",1,2004,72896.1
29000,"Missouri",1,2004,180585.5
30000,"Montana",1,2004,25995
31000,"Nebraska",1,2004,58622
32000,"Nevada",1,2004,83003.2
33000,"New Hampshire",1,2004,51035.4
34000,"New Jersey",1,2004,372881.9
35000,"New Mexico",1,2004,52094.1
36000,"New York",1,2004,753191.2
37000,"North Carolina",1,2004,261528.4
38000,"North Dakota",1,2004,19341.3
39000,"Ohio",1,2004,363250.2
40000,"Oklahoma",1,2004,101714.4
41000,"Oregon",1,2004,111488.1
42000,"Pennsylvania",1,2004,433409.6
44000,"Rhode Island",1,2004,38731.8
45000,"South Carolina",1,2004,117506.7
46000,"South Dakota",1,2004,24593.2
47000,"Tennessee",1,2004,180733.3
48000,"Texas",1,2004,686873.4
49000,"Utah",1,2004,65206.6
50000,"Vermont",1,2004,20964.7
51000,"Virginia",1,2004,284957.1
53000,"Washington",1,2004,225994
54000,"West Virginia",1,2004,46485.5
55000,"Wisconsin",1,2004,183912.5
56000,"Wyoming",1,2004,17807
1000,"Alabama",1,2005,136215.3
4000,"Arizona",1,2005,188149
5000,"Arkansas",1,2005,78138.5
6000,"California",1,2005,1408965.3
8000,"Colorado",1,2005,174771.6
9000,"Connecticut",1,2005,175733
10000,"Delaware",1,2005,33165.8
12000,"Florida",1,2005,641627.4
13000,"Georgia",1,2005,296727.3
16000,"Idaho",1,2005,41760.7
17000,"Illinois",1,2005,477013.2
18000,"Indiana",1,2005,196766.9
19000,"Iowa",1,2005,96375.8
20000,"Kansas",1,2005,88492.2
21000,"Kentucky",1,2005,121520
22000,"Louisiana",1,2005,135724.9
23000,"Maine",1,2005,43169.9
24000,"Maryland",1,2005,244346.5
25000,"Massachusetts",1,2005,285647.2
26000,"Michigan",1,2005,329225.6
27000,"Minnesota",1,2005,193840.6
28000,"Mississippi",1,2005,77774.1
29000,"Missouri",1,2005,186877.8
30000,"Montana",1,2005,27955.6
31000,"Nebraska",1,2005,60704.8
32000,"Nevada",1,2005,93328.8
33000,"New Hampshire",1,2005,52919.6
34000,"New Jersey",1,2005,386942.7
35000,"New Mexico",1,2005,55782.3
36000,"New York",1,2005,787298.4
37000,"North Carolina",1,2005,281072.8
38000,"North Dakota",1,2005,20416
39000,"Ohio",1,2005,374068
40000,"Oklahoma",1,2005,111052.3
41000,"Oregon",1,2005,117144.7
42000,"Pennsylvania",1,2005,451890.3
44000,"Rhode Island",1,2005,39561.9
45000,"South Carolina",1,2005,124488.7
46000,"South Dakota",1,2005,26055.1
47000,"Tennessee",1,2005,188857.5
48000,"Texas",1,2005,747110.9
49000,"Utah",1,2005,71386.9
50000,"Vermont",1,2005,21467.3
51000,"Virginia",1,2005,304720.5
53000,"Washington",1,2005,235226.5
54000,"West Virginia",1,2005,48840.4
55000,"Wisconsin",1,2005,190527.6
56000,"Wyoming",1,2005,19574.5
1000,"Alabama",1,2006,144914.3
4000,"Arizona",1,2006,209009.7
5000,"Arkansas",1,2006,83020.8
6000,"California",1,2006,1517898.2
8000,"Colorado",1,2006,188803.3
9000,"Connecticut",1,2006,190585.8
10000,"Delaware",1,2006,35225.8
12000,"Florida",1,2006,697871.2
13000,"Georgia",1,2006,316877.8
16000,"Idaho",1,2006,46002.2
17000,"Illinois",1,2006,509272.2
18000,"Indiana",1,2006,208808.5
19000,"Iowa",1,2006,102447.9
20000,"Kansas",1,2006,97830.3
21000,"Kentucky",1,2006,128717.5
22000,"Louisiana",1,2006,143751
23000,"Maine",1,2006,45529.1
24000,"Maryland",1,2006,257711.8
25000,"Massachusetts",1,2006,307760.9
26000,"Michigan",1,2006,337455.8
27000,"Minnesota",1,2006,204122.8
28000,"Mississippi",1,2006,81068.8
29000,"Missouri",1,2006,198448.2
30000,"Montana",1,2006,30322.7
31000,"Nebraska",1,2006,63575
32000,"Nevada",1,2006,100381.2
33000,"New Hampshire",1,2006,56713.3
34000,"New Jersey",1,2006,415978.7
35000,"New Mexico",1,2006,59701.7
36000,"New York",1,2006,847001.9
37000,"North Carolina",1,2006,305336.6
38000,"North Dakota",1,2006,21434.1
39000,"Ohio",1,2006,393111.2
40000,"Oklahoma",1,2006,123411.8
41000,"Oregon",1,2006,127973.8
42000,"Pennsylvania",1,2006,476852.9
44000,"Rhode Island",1,2006,41658.7
45000,"South Carolina",1,2006,134578.9
46000,"South Dakota",1,2006,27503.9
47000,"Tennessee",1,2006,201170.7
48000,"Texas",1,2006,820054.9
49000,"Utah",1,2006,79437.9
50000,"Vermont",1,2006,22941
51000,"Virginia",1,2006,326171.6
53000,"Washington",1,2006,256517.4
54000,"West Virginia",1,2006,52178.8
55000,"Wisconsin",1,2006,202454
56000,"Wyoming",1,2006,22574.9
1000,"Alabama",1,2007,152210.6
4000,"Arizona",1,2007,220652.4
5000,"Arkansas",1,2007,88484.9
6000,"California",1,2007,1583029.8
8000,"Colorado",1,2007,201227.3
9000,"Connecticut",1,2007,205012.5
10000,"Delaware",1,2007,36335.7
12000,"Florida",1,2007,726357.4
13000,"Georgia",1,2007,331391.4
16000,"Idaho",1,2007,48997.3
17000,"Illinois",1,2007,538588.1
18000,"Indiana",1,2007,216350.9
19000,"Iowa",1,2007,109906.4
20000,"Kansas",1,2007,105159.4
21000,"Kentucky",1,2007,134505.7
22000,"Louisiana",1,2007,156784.8
23000,"Maine",1,2007,47261.8
24000,"Maryland",1,2007,268336.4
25000,"Massachusetts",1,2007,323214.5
26000,"Michigan",1,2007,347081
27000,"Minnesota",1,2007,216239.6
28000,"Mississippi",1,2007,86109.8
29000,"Missouri",1,2007,208184.5
30000,"Montana",1,2007,32669.9
31000,"Nebraska",1,2007,68559.2
32000,"Nevada",1,2007,104455.4
33000,"New Hampshire",1,2007,58904.4
34000,"New Jersey",1,2007,440854.8
35000,"New Mexico",1,2007,63188.9
36000,"New York",1,2007,911071.4
37000,"North Carolina",1,2007,328910.1
38000,"North Dakota",1,2007,23798.8
39000,"Ohio",1,2007,409695.7
40000,"Oklahoma",1,2007,127818.7
41000,"Oregon",1,2007,133838.5
42000,"Pennsylvania",1,2007,506499
44000,"Rhode Island",1,2007,43401.3
45000,"South Carolina",1,2007,143317.3
46000,"South Dakota",1,2007,30539.8
47000,"Tennessee",1,2007,211071
48000,"Texas",1,2007,871849.7
49000,"Utah",1,2007,86368.5
50000,"Vermont",1,2007,24192
51000,"Virginia",1,2007,343287.8
53000,"Washington",1,2007,278655.9
54000,"West Virginia",1,2007,54198.6
55000,"Wisconsin",1,2007,211886.6
56000,"Wyoming",1,2007,24018.5
1000,"Alabama",1,2008,157479.5
4000,"Arizona",1,2008,223221.9
5000,"Arkansas",1,2008,91798.2
6000,"California",1,2008,1606764.5
8000,"Colorado",1,2008,207772.7
9000,"Connecticut",1,2008,217022.6
10000,"Delaware",1,2008,36033.8
12000,"Florida",1,2008,727016.1
13000,"Georgia",1,2008,333747.3
16000,"Idaho",1,2008,50089.2
17000,"Illinois",1,2008,552022.2
18000,"Indiana",1,2008,225842.6
19000,"Iowa",1,2008,116372.3
20000,"Kansas",1,2008,114394.6
21000,"Kentucky",1,2008,140471.6
22000,"Louisiana",1,2008,167982.8
23000,"Maine",1,2008,49163.5
24000,"Maryland",1,2008,280308.8
25000,"Massachusetts",1,2008,335476.3
26000,"Michigan",1,2008,354064.2
27000,"Minnesota",1,2008,225275.6
28000,"Mississippi",1,2008,90038.3
29000,"Missouri",1,2008,219411.8
30000,"Montana",1,2008,34418.9
31000,"Nebraska",1,2008,72396.9
32000,"Nevada",1,2008,102762.9
33000,"New Hampshire",1,2008,60395.6
34000,"New Jersey",1,2008,453338.6
35000,"New Mexico",1,2008,67065.3
36000,"New York",1,2008,927177.2
37000,"North Carolina",1,2008,350372.6
38000,"North Dakota",1,2008,26710.3
39000,"Ohio",1,2008,422895.3
40000,"Oklahoma",1,2008,141463.9
41000,"Oregon",1,2008,139499.8
42000,"Pennsylvania",1,2008,524359.6
44000,"Rhode Island",1,2008,44085.5
45000,"South Carolina",1,2008,149235.6
46000,"South Dakota",1,2008,32632.8
47000,"Tennessee",1,2008,218783.3
48000,"Texas",1,2008,956545.5
49000,"Utah",1,2008,90567.1
50000,"Vermont",1,2008,25368.9
51000,"Virginia",1,2008,356434.4
53000,"Washington",1,2008,292344.4
54000,"West Virginia",1,2008,57652.4
55000,"Wisconsin",1,2008,219514.5
56000,"Wyoming",1,2008,26333.8
1000,"Alabama",1,2009,155254.7
4000,"Arizona",1,2009,211397.7
5000,"Arkansas",1,2009,90242.5
6000,"California",1,2009,1554229.7
8000,"Colorado",1,2009,198147.2
9000,"Connecticut",1,2009,213686.8
10000,"Delaware",1,2009,36291.1
12000,"Florida",1,2009,682319.6
13000,"Georgia",1,2009,327375.3
16000,"Idaho",1,2009,48408.7
17000,"Illinois",1,2009,525582.4
18000,"Indiana",1,2009,219712.6
19000,"Iowa",1,2009,112829
20000,"Kansas",1,2009,110482
21000,"Kentucky",1,2009,138837.5
22000,"Louisiana",1,2009,163381.8
23000,"Maine",1,2009,49084.9
24000,"Maryland",1,2009,278546.5
25000,"Massachusetts",1,2009,332152
26000,"Michigan",1,2009,336043.5
27000,"Minnesota",1,2009,215787.5
28000,"Mississippi",1,2009,88579.7
29000,"Missouri",1,2009,215540.5
30000,"Montana",1,2009,33729.8
31000,"Nebraska",1,2009,71199.7
32000,"Nevada",1,2009,97544.4
33000,"New Hampshire",1,2009,59597.3
34000,"New Jersey",1,2009,439321.8
35000,"New Mexico",1,2009,66678.7
36000,"New York",1,2009,914586.3
37000,"North Carolina",1,2009,337787
38000,"North Dakota",1,2009,26507.4
39000,"Ohio",1,2009,410863.9
40000,"Oklahoma",1,2009,131404.8
41000,"Oregon",1,2009,134830.9
42000,"Pennsylvania",1,2009,511713.9
44000,"Rhode Island",1,2009,42946.7
45000,"South Carolina",1,2009,145609.1
46000,"South Dakota",1,2009,31681.8
47000,"Tennessee",1,2009,217319.2
48000,"Texas",1,2009,911227
49000,"Utah",1,2009,86896.5
50000,"Vermont",1,2009,24990.4
51000,"Virginia",1,2009,348944.2
53000,"Washington",1,2009,279037.8
54000,"West Virginia",1,2009,58149.8
55000,"Wisconsin",1,2009,215913.3
56000,"Wyoming",1,2009,24346.8
1000,"Alabama",1,2010,161965.5
4000,"Arizona",1,2010,215012.4
5000,"Arkansas",1,2010,93103.2
6000,"California",1,2010,1627839
8000,"Colorado",1,2010,204691.9
9000,"Connecticut",1,2010,222631.7
10000,"Delaware",1,2010,36707.2
12000,"Florida",1,2010,725801.1
13000,"Georgia",1,2010,335318
16000,"Idaho",1,2010,50144.5
17000,"Illinois",1,2010,540463.8
18000,"Indiana",1,2010,229477.3
19000,"Iowa",1,2010,116353.1
20000,"Kansas",1,2010,112682.3
21000,"Kentucky",1,2010,144009.2
22000,"Louisiana",1,2010,170476.9
23000,"Maine",1,2010,50253.6
24000,"Maryland",1,2010,288606.6
25000,"Massachusetts",1,2010,348418.9
26000,"Michigan",1,2010,348673.3
27000,"Minnesota",1,2010,225594.1
28000,"Mississippi",1,2010,91929.3
29000,"Missouri",1,2010,220546.6
30000,"Montana",1,2010,35558.2
31000,"Nebraska",1,2010,74787.3
32000,"Nevada",1,2010,101205.2
33000,"New Hampshire",1,2010,62306.3
34000,"New Jersey",1,2010,452322.6
35000,"New Mexico",1,2010,69262
36000,"New York",1,2010,954364.5
37000,"North Carolina",1,2010,340764.3
38000,"North Dakota",1,2010,29446.2
39000,"Ohio",1,2010,423062.1
40000,"Oklahoma",1,2010,137327.5
41000,"Oregon",1,2010,138328.2
42000,"Pennsylvania",1,2010,533828.4
44000,"Rhode Island",1,2010,45154.8
45000,"South Carolina",1,2010,150451.8
46000,"South Dakota",1,2010,33512.3
47000,"Tennessee",1,2010,227763.4
48000,"Texas",1,2010,966900.3
49000,"Utah",1,2010,89346
50000,"Vermont",1,2010,25787.1
51000,"Virginia",1,2010,364382.5
53000,"Washington",1,2010,286732.3
54000,"West Virginia",1,2010,60061.5
55000,"Wisconsin",1,2010,221895.3
56000,"Wyoming",1,2010,25967.1
1000,"Alabama",1,2011,167675.6
4000,"Arizona",1,2011,225853.2
5000,"Arkansas",1,2011,99328.7
6000,"California",1,2011,1738413.1
8000,"Colorado",1,2011,222572
9000,"Connecticut",1,2011,229055.1
10000,"Delaware",1,2011,39796.7
12000,"Florida",1,2011,766185.8
13000,"Georgia",1,2011,359574.7
16000,"Idaho",1,2011,53041.3
17000,"Illinois",1,2011,568154.3
18000,"Indiana",1,2011,244551.2
19000,"Iowa",1,2011,125586.2
20000,"Kansas",1,2011,122294.5
21000,"Kentucky",1,2011,151069.5
22000,"Louisiana",1,2011,176174.7
23000,"Maine",1,2011,52255.6
24000,"Maryland",1,2011,305178.4
25000,"Massachusetts",1,2011,365526.7
26000,"Michigan",1,2011,370180
27000,"Minnesota",1,2011,241434.9
28000,"Mississippi",1,2011,95844.4
29000,"Missouri",1,2011,229644.3
30000,"Montana",1,2011,38051.9
31000,"Nebraska",1,2011,83473.7
32000,"Nevada",1,2011,105185.4
33000,"New Hampshire",1,2011,65443.3
34000,"New Jersey",1,2011,473913.4
35000,"New Mexico",1,2011,72820.7
36000,"New York",1,2011,1009303.3
37000,"North Carolina",1,2011,354294.4
38000,"North Dakota",1,2011,32933.5
39000,"Ohio",1,2011,451900.6
40000,"Oklahoma",1,2011,147778.3
41000,"Oregon",1,2011,146081.6
42000,"Pennsylvania",1,2011,562622.1
44000,"Rhode Island",1,2011,46933.3
45000,"South Carolina",1,2011,159091
46000,"South Dakota",1,2011,36636
47000,"Tennessee",1,2011,241769
48000,"Texas",1,2011,1058034.2
49000,"Utah",1,2011,96312.3
50000,"Vermont",1,2011,27350.3
51000,"Virginia",1,2011,386298
53000,"Washington",1,2011,303939.3
54000,"West Virginia",1,2011,63448.7
55000,"Wisconsin",1,2011,234574.9
56000,"Wyoming",1,2011,28426.3
1000,"Alabama",1,2012,172427.9
4000,"Arizona",1,2012,236455.6
5000,"Arkansas",1,2012,106537
6000,"California",1,2012,1853467.2
8000,"Colorado",1,2012,236687.4
9000,"Connecticut",1,2012,233699.2
10000,"Delaware",1,2012,40309.2
12000,"Florida",1,2012,791918.6
13000,"Georgia",1,2012,367803.7
16000,"Idaho",1,2012,56111.9
17000,"Illinois",1,2012,593271.4
18000,"Indiana",1,2012,256257.6
19000,"Iowa",1,2012,131982.2
20000,"Kansas",1,2012,129853.7
21000,"Kentucky",1,2012,156511.7
22000,"Louisiana",1,2012,186004.2
23000,"Maine",1,2012,53369.9
24000,"Maryland",1,2012,314141.4
25000,"Massachusetts",1,2012,381949.6
26000,"Michigan",1,2012,385408.3
27000,"Minnesota",1,2012,256332
28000,"Mississippi",1,2012,99410.4
29000,"Missouri",1,2012,240972.8
30000,"Montana",1,2012,40442.8
31000,"Nebraska",1,2012,86117.8
32000,"Nevada",1,2012,109445.8
33000,"New Hampshire",1,2012,68557.6
34000,"New Jersey",1,2012,491656.7
35000,"New Mexico",1,2012,74583.6
36000,"New York",1,2012,1065474
37000,"North Carolina",1,2012,379031.2
38000,"North Dakota",1,2012,38866.4
39000,"Ohio",1,2012,469903.9
40000,"Oklahoma",1,2012,158235.7
41000,"Oregon",1,2012,154066.8
42000,"Pennsylvania",1,2012,587095.7
44000,"Rhode Island",1,2012,48717.8
45000,"South Carolina",1,2012,167538.8
46000,"South Dakota",1,2012,37522.2
47000,"Tennessee",1,2012,254406
48000,"Texas",1,2012,1133801.1
49000,"Utah",1,2012,103227.8
50000,"Vermont",1,2012,28303.8
51000,"Virginia",1,2012,404772.5
53000,"Washington",1,2012,328949.4
54000,"West Virginia",1,2012,65251.8
55000,"Wisconsin",1,2012,245700.4
56000,"Wyoming",1,2012,30952.5
1000,"Alabama",1,2013,174118.7
4000,"Arizona",1,2013,242571.9
5000,"Arkansas",1,2013,106429.6
6000,"California",1,2013,1885672.4
8000,"Colorado",1,2013,248959
9000,"Connecticut",1,2013,229251.8
10000,"Delaware",1,2013,40898
12000,"Florida",1,2013,794797
13000,"Georgia",1,2013,373356.2
16000,"Idaho",1,2013,58236
17000,"Illinois",1,2013,607909.7
18000,"Indiana",1,2013,259525
19000,"Iowa",1,2013,134398.2
20000,"Kansas",1,2013,132570
21000,"Kentucky",1,2013,157850.7
22000,"Louisiana",1,2013,188377
23000,"Maine",1,2013,53315.8
24000,"Maryland",1,2013,313194.8
25000,"Massachusetts",1,2013,385338.4
26000,"Michigan",1,2013,389319.6
27000,"Minnesota",1,2013,258319.8
28000,"Mississippi",1,2013,101137
29000,"Missouri",1,2013,242564.5
30000,"Montana",1,2013,40666
31000,"Nebraska",1,2013,86682.7
32000,"Nevada",1,2013,109901.3
33000,"New Hampshire",1,2013,68116.9
34000,"New Jersey",1,2013,496305.9
35000,"New Mexico",1,2013,73406.2
36000,"New York",1,2013,1081132.8
37000,"North Carolina",1,2013,375057
38000,"North Dakota",1,2013,38867.3
39000,"Ohio",1,2013,476450.1
40000,"Oklahoma",1,2013,165860.4
41000,"Oregon",1,2013,156644
42000,"Pennsylvania",1,2013,592172.3
44000,"Rhode Island",1,2013,48777.1
45000,"South Carolina",1,2013,169974
46000,"South Dakota",1,2013,37990.7
47000,"Tennessee",1,2013,256705.8
48000,"Texas",1,2013,1160361.6
49000,"Utah",1,2013,106612.9
50000,"Vermont",1,2013,28692
51000,"Virginia",1,2013,402064.6
53000,"Washington",1,2013,335890.9
54000,"West Virginia",1,2013,64792.6
55000,"Wisconsin",1,2013,247127.4
56000,"Wyoming",1,2013,30911.9
1000,"Alabama",1,2014,180220.3
4000,"Arizona",1,2014,257067
5000,"Arkansas",1,2014,112619.2
6000,"California",1,2014,2021640
8000,"Colorado",1,2014,271101
9000,"Connecticut",1,2014,239857.1
10000,"Delaware",1,2014,42751.2
12000,"Florida",1,2014,858498.7
13000,"Georgia",1,2014,398881.8
16000,"Idaho",1,2014,61616
17000,"Illinois",1,2014,638061.4
18000,"Indiana",1,2014,269593
19000,"Iowa",1,2014,139148.6
20000,"Kansas",1,2014,135413.5
21000,"Kentucky",1,2014,165369
22000,"Louisiana",1,2014,197685.9
23000,"Maine",1,2014,55666.6
24000,"Maryland",1,2014,324968.2
25000,"Massachusetts",1,2014,405089.8
26000,"Michigan",1,2014,407648.7
27000,"Minnesota",1,2014,272291.7
28000,"Mississippi",1,2014,103504.7
29000,"Missouri",1,2014,251639.9
30000,"Montana",1,2014,42725.8
31000,"Nebraska",1,2014,91844.6
32000,"Nevada",1,2014,117422.5
33000,"New Hampshire",1,2014,70506.5
34000,"New Jersey",1,2014,519814.6
35000,"New Mexico",1,2014,77747.4
36000,"New York",1,2014,1125896.6
37000,"North Carolina",1,2014,397410.7
38000,"North Dakota",1,2014,41367.9
39000,"Ohio",1,2014,496513.5
40000,"Oklahoma",1,2014,176376.7
41000,"Oregon",1,2014,167977.5
42000,"Pennsylvania",1,2014,617895.5
44000,"Rhode Island",1,2014,50903.1
45000,"South Carolina",1,2014,181107.9
46000,"South Dakota",1,2014,39823.3
47000,"Tennessee",1,2014,267989.3
48000,"Texas",1,2014,1250849.5
49000,"Utah",1,2014,113230
50000,"Vermont",1,2014,29807.7
51000,"Virginia",1,2014,420235.9
53000,"Washington",1,2014,362951.6
54000,"West Virginia",1,2014,66679.7
55000,"Wisconsin",1,2014,257572.4
56000,"Wyoming",1,2014,33019.9
1000,"Alabama",1,2015,187301.6
4000,"Arizona",1,2015,270806.7
5000,"Arkansas",1,2015,116248.6
6000,"California",1,2015,2173299.7
8000,"Colorado",1,2015,284142.9
9000,"Connecticut",1,2015,246012.2
10000,"Delaware",1,2015,45012.2
12000,"Florida",1,2015,919226.9
13000,"Georgia",1,2015,422845
16000,"Idaho",1,2015,65610.8
17000,"Illinois",1,2015,664296.2
18000,"Indiana",1,2015,279704.9
19000,"Iowa",1,2015,144182.5
20000,"Kansas",1,2015,137238.3
21000,"Kentucky",1,2015,172361.4
22000,"Louisiana",1,2015,200077.7
23000,"Maine",1,2015,57977.8
24000,"Maryland",1,2015,341295.2
25000,"Massachusetts",1,2015,431571.6
26000,"Michigan",1,2015,431157.2
27000,"Minnesota",1,2015,284740.1
28000,"Mississippi",1,2015,104892.9
29000,"Missouri",1,2015,260144.6
30000,"Montana",1,2015,44864.7
31000,"Nebraska",1,2015,95454.5
32000,"Nevada",1,2015,126929.9
33000,"New Hampshire",1,2015,73430
34000,"New Jersey",1,2015,542404.7
35000,"New Mexico",1,2015,79953.2
36000,"New York",1,2015,1172712.9
37000,"North Carolina",1,2015,419888.9
38000,"North Dakota",1,2015,40429.7
39000,"Ohio",1,2015,515904.9
40000,"Oklahoma",1,2015,172636.2
41000,"Oregon",1,2015,181022.3
42000,"Pennsylvania",1,2015,642622.6
44000,"Rhode Island",1,2015,53005.8
45000,"South Carolina",1,2015,192879.5
46000,"South Dakota",1,2015,41550.3
47000,"Tennessee",1,2015,282149.9
48000,"Texas",1,2015,1282379.9
49000,"Utah",1,2015,121876.4
50000,"Vermont",1,2015,30865.5
51000,"Virginia",1,2015,440823.7
53000,"Washington",1,2015,384651
54000,"West Virginia",1,2015,67736.7
55000,"Wisconsin",1,2015,268238
56000,"Wyoming",1,2015,33514.6
1000,"Alabama",1,2016,190991.2
4000,"Arizona",1,2016,280988.1
5000,"Arkansas",1,2016,118769.6
6000,"California",1,2016,2259413.9
8000,"Colorado",1,2016,289620.9
9000,"Connecticut",1,2016,249513.2
10000,"Delaware",1,2016,45917
12000,"Florida",1,2016,953260.6
13000,"Georgia",1,2016,439574.4
16000,"Idaho",1,2016,68054.8
17000,"Illinois",1,2016,673528.9
18000,"Indiana",1,2016,289164.3
19000,"Iowa",1,2016,145156.8
20000,"Kansas",1,2016,138105.5
21000,"Kentucky",1,2016,175012.8
22000,"Louisiana",1,2016,199543.4
23000,"Maine",1,2016,59577.1
24000,"Maryland",1,2016,353879.6
25000,"Massachusetts",1,2016,444812.5
26000,"Michigan",1,2016,444531.9
27000,"Minnesota",1,2016,291361.6
28000,"Mississippi",1,2016,106914.9
29000,"Missouri",1,2016,265495.1
30000,"Montana",1,2016,45747.2
31000,"Nebraska",1,2016,94730.8
32000,"Nevada",1,2016,130756.8
33000,"New Hampshire",1,2016,76247.4
34000,"New Jersey",1,2016,555804.6
35000,"New Mexico",1,2016,81184.6
36000,"New York",1,2016,1208345.7
37000,"North Carolina",1,2016,433766.4
38000,"North Dakota",1,2016,39766.2
39000,"Ohio",1,2016,525056.5
40000,"Oklahoma",1,2016,165107
41000,"Oregon",1,2016,189644.4
42000,"Pennsylvania",1,2016,657164.8
44000,"Rhode Island",1,2016,53730.9
45000,"South Carolina",1,2016,199941.7
46000,"South Dakota",1,2016,41788.6
47000,"Tennessee",1,2016,292119.7
48000,"Texas",1,2016,1287687.3
49000,"Utah",1,2016,128407
50000,"Vermont",1,2016,31571.8
51000,"Virginia",1,2016,448683.5
53000,"Washington",1,2016,404232.1
54000,"West Virginia",1,2016,67582.9
55000,"Wisconsin",1,2016,273787.5
56000,"Wyoming",1,2016,32434.6
1000,"Alabama",1,2017,198916.4
4000,"Arizona",1,2017,296648.9
5000,"Arkansas",1,2017,123313.4
6000,"California",1,2017,2364129.4
8000,"Colorado",1,2017,306411.1
9000,"Connecticut",1,2017,257713.6
10000,"Delaware",1,2017,47782.1
12000,"Florida",1,2017,1000624.1
13000,"Georgia",1,2017,460402.9
16000,"Idaho",1,2017,71812.9
17000,"Illinois",1,2017,693914
18000,"Indiana",1,2017,301008.2
19000,"Iowa",1,2017,148042.7
20000,"Kansas",1,2017,141459.4
21000,"Kentucky",1,2017,180826.5
22000,"Louisiana",1,2017,204516.8
23000,"Maine",1,2017,62060
24000,"Maryland",1,2017,368258.2
25000,"Massachusetts",1,2017,463930.7
26000,"Michigan",1,2017,460270
27000,"Minnesota",1,2017,303141.3
28000,"Mississippi",1,2017,109324.1
29000,"Missouri",1,2017,274975.8
30000,"Montana",1,2017,47677.1
31000,"Nebraska",1,2017,97556.5
32000,"Nevada",1,2017,138386.4
33000,"New Hampshire",1,2017,80122
34000,"New Jersey",1,2017,581198.6
35000,"New Mexico",1,2017,83127.3
36000,"New York",1,2017,1281082.4
37000,"North Carolina",1,2017,454306.9
38000,"North Dakota",1,2017,39483.6
39000,"Ohio",1,2017,544828.5
40000,"Oklahoma",1,2017,174435.4
41000,"Oregon",1,2017,199422.2
42000,"Pennsylvania",1,2017,682533.7
44000,"Rhode Island",1,2017,55934
45000,"South Carolina",1,2017,209179.6
46000,"South Dakota",1,2017,42455.3
47000,"Tennessee",1,2017,305690.6
48000,"Texas",1,2017,1340568.4
49000,"Utah",1,2017,134803.8
50000,"Vermont",1,2017,32570.4
51000,"Virginia",1,2017,466743.3
53000,"Washington",1,2017,428765.2
54000,"West Virginia",1,2017,69872.7
55000,"Wisconsin",1,2017,283635.8
56000,"Wyoming",1,2017,33221.4
